event_id,event_name,rating,group,edge_type,direction,state,entry_price,current_price,market_price_display,made_pnl_pct,ifheld_pnl_pct,made_dollar_pnl,edge_points,exit_reason,kill_reason,risk_level,position_size,hold_duration_label,date_label,polymarket_url,timeline_prices
EVT_01697E_1,US recession by end of 2026?,B,B — BREAD & BUTTER,DISCOVERY,higher,WATCHING,0.235,0.225,0.29,,0.0,,5,,,,,,19 Feb 06:16,https://polymarket.com/event/us-recession-by-end-of-2026,06:17=23.5c | 07:17=23.0c | 08:18=23.5c | 09:18=23.5c | 10:19=24.0c | 11:19=24.0c | 12:19=24.0c | 13:20=22.5c | 14:21=23.0c | 15:22=23.0c | 16:45=22.5c | 17:46=22.5c | 18:47=22.5c | 19:47=22.0c | 20:48=21.5c | 21:48=21.5c | 22:48=21.5c | 23:49=22.0c | 00:49=22.5c | 01:50=22.5c | 02:50=22.5c | 03:51=22.0c | 04:51=22.0c | 05:52=22.5c
EVT_01697E_2,US recession by end of 2026?,B,B — BREAD & BUTTER,,,KILLED,0.235,,0.29,,0.0,,5,,"Rationalisation: duplicate slug, keeping master",,,,18 Feb 06:50,https://polymarket.com/event/us-recession-by-end-of-2026,06:51=23.5c | 07:51=23.5c | 08:51=23.5c | 09:51=23.5c | 10:52=24.0c | 11:52=23.0c | 12:53=23.0c | 13:54=24.0c | 14:55=24.0c | 15:55=24.0c | 17:14=24.0c | 18:15=24.0c | 19:15=24.0c | 20:15=24.0c | 21:16=24.0c | 22:16=24.0c | 23:16=24.0c | 00:16=24.0c | 01:16=24.0c | 02:06=24.0c | 03:07=24.0c | 04:07=24.0c | 05:07=23.5c | 06:14=23.5c | 07:17=23.0c | 08:18=23.5c | 09:18=23.5c | 10:19=24.0c | 11:19=24.0c | 12:19=24.0c | 13:20=22.5c | 14:21=23.0c | 15:22=23.0c | 16:45=22.5c | 17:46=22.5c | 18:47=22.5c | 19:47=22.0c | 20:48=21.5c | 21:48=21.5c | 22:48=21.0c | 23:49=22.0c | 00:49=22.5c | 01:50=22.5c | 02:50=22.5c | 03:51=22.0c | 04:51=22.0c | 05:52=22.5c | [KILL:Kill: sentiment reversed at 11h]
EVT_01697E_3,US recession by end of 2026?,B,B — BREAD & BUTTER,,,WATCHING,0.23,0.225,0.34,,0.0,,11,,,,,,16 Feb 08:56,https://polymarket.com/event/us-recession-by-end-of-2026,08:56=23.0c | 09:58=22.5c | 10:59=22.5c | 11:53=22.0c | 13:12=22.5c | 14:43=22.5c | 15:43=22.5c | 16:44=22.5c | 18:02=22.5c | 19:02=22.5c | 20:03=22.5c | 21:03=22.0c | 22:06=21.5c | 23:06=21.5c | 00:07=22.0c | 01:07=22.5c | 02:08=22.5c | 03:10=22.5c | 04:11=23.0c | 05:11=23.0c | 06:11=22.5c | 07:52=22.5c | 09:24=22.5c | 10:25=22.5c | 11:26=22.5c | 12:26=22.5c | 13:27=22.5c | 14:28=22.5c | 15:29=22.5c | 16:29=22.5c | 17:30=22.5c | 18:31=22.5c | 19:31=22.5c | 20:32=22.0c | 21:32=22.0c | 22:32=22.0c | 23:33=23.0c | 00:34=23.0c | 01:34=23.5c | 02:35=23.5c | 03:36=23.5c | 04:36=23.5c | 05:37=23.5c | 06:38=23.5c | 07:51=23.5c | 08:51=23.5c | 09:51=23.5c | 10:52=24.0c | 11:52=23.0c | 12:53=23.0c | 13:54=24.0c | 14:55=24.0c | 15:55=24.0c | 17:14=24.0c | 18:15=24.0c | 19:15=24.0c | 20:15=23.5c | 21:16=24.0c | 22:16=24.0c | 23:16=24.0c | 00:16=24.0c | 01:05=24.0c | 02:06=24.0c | 03:07=24.0c | 04:07=24.0c | 05:07=23.5c | 06:14=23.5c | 07:17=23.0c | 08:18=23.5c | 09:18=23.5c | 10:19=24.0c | 11:19=24.0c | 12:19=24.0c | 13:20=22.5c | 14:21=23.0c | 15:22=23.0c | 16:45=22.5c | 17:46=22.5c | 18:47=22.5c | 19:47=22.0c | 20:48=21.5c | 21:48=21.5c | 22:48=21.0c | 23:49=22.0c | 00:49=22.5c | 01:50=22.5c | 02:50=22.5c | 03:51=22.0c | 04:51=22.0c | 05:52=22.5c
EVT_090914_1,Tariff increase on Canada in effect by June 30?,A,A — BLUE CHIP,FRONTIER,higher,WATCHING,0.225,0.225,0.29,,0.0,,6,,"Direction reversed: was lower, now higher (report 4H9B)",,,,20 Feb 04:51,https://polymarket.com/event/tariff-increase-on-canada-in-effect-by-june-30,04:51=22.5c | 05:52=22.5c
EVT_090914_2,Tariff increase on Canada in effect by June 30?,A,A — BLUE CHIP,CONSENSUS,,EXITED,,0.225,0.29,18.4,18.4,368.0,12,Exited: max hold time (12h),,HIGH,2000.0,,16 Feb 08:56,https://polymarket.com/event/tariff-increase-on-canada-in-effect-by-june-30,08:56=17.0c | 09:58=17.0c | 10:59=17.0c | 11:53=17.0c | 13:12=17.0c | 14:43=17.0c | 15:43=17.0c | 16:44=17.0c | 18:02=17.0c | 19:02=17.0c | 20:03=17.0c | 21:03=17.0c | 22:06=17.0c | 23:06=17.0c | 00:07=17.0c | 01:07=17.0c | 02:08=17.0c | 03:10=17.0c | 04:11=17.0c | 05:11=17.0c | 06:11=17.0c | 07:52=17.0c | 09:24=17.0c | 10:25=17.0c | 11:26=17.0c | 12:26=17.0c | 13:27=17.0c | 14:28=17.0c | 15:29=17.0c | 16:29=17.0c | 17:30=17.0c | 18:31=17.0c | 19:31=17.0c | 20:32=17.0c | 21:32=17.0c | 22:32=17.0c | 23:33=17.0c | 00:34=17.0c | 01:34=17.0c | 02:35=17.0c | 03:36=17.0c | 04:36=17.0c | 05:37=17.0c | 06:38=17.0c | 07:51=17.0c | 08:51=17.0c | 09:51=17.0c | 10:52=17.0c | 11:52=17.0c | 12:53=17.0c | 13:54=17.0c | 14:55=17.0c | 15:55=19.0c | 17:14=19.0c | 18:15=19.0c | 19:15=19.0c | 20:15=19.0c | 21:16=19.0c | 22:16=19.0c | 23:16=19.0c | 00:16=19.0c | 01:05=21.5c | 02:06=21.5c | 03:07=21.5c | 04:07=22.5c | 05:07=22.5c | 06:14=22.5c | 07:17=22.5c | 08:18=22.0c | 09:18=22.0c | 10:19=22.0c | 11:19=22.0c | 12:19=22.0c | 13:20=22.0c | 14:21=22.0c | 15:22=22.5c | 16:45=22.0c | 17:46=22.0c | 18:47=22.0c | 19:47=22.0c | 20:48=22.0c | 21:48=22.0c | 22:48=22.5c | 23:49=22.5c | 00:49=22.5c | 01:50=22.5c | 02:50=22.5c | 03:51=22.5c | 04:51=22.5c | 05:52=22.5c | [BUY:Buy at 55h — 19.0c (first uptick)] | [SELL:Sell at 67h — 22.5c (max_hold)]
EVT_090914_3,Tariff increase on Canada in effect by June 30?,D,D — DARK HORSE,FRONTIER,,KILLED,0.225,,0.17,,0.0,,6,,"Direction reversed: was lower, now higher (report 4H9B)",,,,19 Feb 05:13,https://polymarket.com/event/tariff-increase-on-canada-in-effect-by-june-30,05:13=22.5c | 06:14=22.5c | 07:17=22.5c | 08:18=22.0c | 09:18=22.0c | 10:19=22.0c | 11:19=22.0c | 12:19=22.0c | 13:20=22.0c | 14:21=22.0c | 15:22=22.5c | 16:45=22.0c | 17:46=22.0c | 18:47=22.0c | 19:47=22.0c | 20:48=22.0c | 21:48=22.0c | 22:48=22.0c | 23:49=22.5c | 00:49=22.5c | 01:50=22.5c | 02:50=22.5c | 03:51=22.5c | 04:51=22.5c | 05:52=22.5c | [KILL:Kill: sentiment reversed at 25h]
EVT_10D9DA_1,Will the Fed decrease interest rates by 25 bps after the June 2026 meeting?,A,A — BLUE CHIP,CONSENSUS,,WATCHING,1.0,1.0,0.58,,0.0,,5,,,,,,18 Feb 06:50,https://polymarket.com/event/fed-decision-in-june,06:51=100.0c | 07:51=100.0c | 08:51=100.0c | 09:51=100.0c | 10:52=100.0c | 11:52=100.0c | 12:53=100.0c | 13:54=100.0c | 14:55=100.0c | 15:55=100.0c | 17:14=100.0c | 18:15=100.0c | 19:15=100.0c | 20:15=100.0c | 21:16=100.0c | 22:16=100.0c | 23:16=100.0c | 00:16=100.0c | 01:16=100.0c | 02:06=100.0c | 03:07=100.0c | 04:07=100.0c | 05:07=100.0c | 06:14=100.0c | 07:17=100.0c | 08:18=100.0c | 09:18=100.0c | 10:19=100.0c | 11:19=100.0c | 12:19=100.0c | 13:20=100.0c | 14:21=100.0c | 15:22=100.0c
EVT_10D9DA_2,Will the Fed decrease interest rates by 25 bps after the June 2026 meeting?,A,A — BLUE CHIP,CONSENSUS,,EXITED,,0.505,0.57,6.8,-1.9,680.0,8,Exited: trailing stop (0.5c from peak),,LOW,10000.0,,16 Feb 08:56,https://polymarket.com/event/fed-decision-in-june-825,08:56=51.0c | 09:58=51.0c | 10:59=51.0c | 11:53=51.0c | 13:12=51.0c | 14:43=51.5c | 15:43=51.5c | 16:44=52.0c | 18:02=53.0c | 19:02=53.5c | 20:03=54.5c | 21:03=55.0c | 22:06=55.5c | 23:06=55.5c | 00:07=55.0c | 01:07=55.0c | 02:08=55.5c | 03:10=54.5c | 04:11=54.5c | 05:11=54.5c | 06:11=54.5c | 07:52=54.5c | 09:24=54.5c | 10:25=54.5c | 11:26=54.5c | 12:26=54.5c | 13:27=55.0c | 14:28=55.0c | 15:29=53.5c | 16:29=53.5c | 17:30=53.5c | 18:31=54.0c | 19:31=53.5c | 20:32=54.0c | 21:32=54.0c | 22:32=54.0c | 23:33=54.0c | 00:34=54.0c | 01:34=53.0c | 02:35=53.5c | 03:36=53.0c | 04:36=53.0c | 05:37=53.5c | 06:38=53.5c | 07:51=53.0c | 08:51=53.0c | 09:51=52.5c | 10:52=52.5c | 11:52=52.5c | 12:53=52.0c | 13:54=52.0c | 14:55=52.0c | 15:55=52.0c | 17:14=52.5c | 18:15=52.0c | 19:15=52.0c | 20:15=52.0c | 21:16=52.0c | 22:16=52.0c | 23:16=52.0c | 00:16=52.0c | 01:05=52.0c | 02:06=51.5c | 03:07=51.5c | 04:07=51.5c | 05:07=51.0c | 06:14=51.0c | 07:17=51.0c | 08:18=51.0c | 09:18=51.0c | 10:19=51.0c | 11:19=50.5c | 12:19=50.5c | 13:20=50.5c | 14:21=50.5c | 15:22=51.5c | 16:45=51.0c | 17:46=51.0c | 18:47=51.0c | 19:47=51.0c | 20:48=51.0c | 21:48=51.0c | 22:48=51.5c | 23:49=51.5c | 00:49=50.5c | 01:50=50.5c | 02:50=50.5c | 03:51=50.5c | 04:51=50.5c | 05:52=50.5c | [BUY:Buy at 6h — 51.5c (first uptick)] | [SELL:Sell at 15h — 55.0c (trailing_stop)]
EVT_10D9DA_3,Will the Fed decrease interest rates by 25 bps after the June 2026 meeting?,B,B — BREAD & BUTTER,CONSENSUS,,EXITED,,0.505,0.57,-1.9,-1.9,,6,Exited: max hold time (12h),,,,,19 Feb 06:16,https://polymarket.com/event/fed-decision-in-june-825,06:17=51.0c | 07:17=51.0c | 08:18=51.0c | 09:18=51.0c | 10:19=51.0c | 11:19=50.5c | 12:19=50.5c | 13:20=50.5c | 14:21=50.5c | 15:22=51.5c | 16:45=51.0c | 17:46=51.0c | 18:47=51.0c | 19:47=51.0c | 20:48=51.0c | 21:48=51.0c | 22:48=51.5c | 23:49=51.5c | 00:49=50.5c | 01:50=50.5c | 02:50=50.5c | 03:51=50.5c | 04:51=50.5c | 05:52=50.5c | [BUY:Buy at 9h — 51.5c (first uptick)] | [SELL:Sell at 22h — 50.5c (max_hold)]
EVT_130A64_1,US-Iran nuclear deal by June 30?,A,A — BLUE CHIP,CONSENSUS,higher,EXITED,,0.345,0.41,1.4,0.0,145.0,6,Exited: trailing stop (0.5c from peak),,LOW,10000.0,,19 Feb 05:56,https://polymarket.com/event/us-iran-nuclear-deal-by-june-30,05:56=34.0c | 06:57=34.5c | 07:58=34.5c | 08:59=34.5c | 10:00=34.5c | 11:00=34.5c | 12:01=34.5c | 13:02=34.5c | 14:03=34.5c | 15:03=35.0c | 16:45=35.5c | 17:46=35.0c | 18:47=34.5c | 19:47=33.5c | 20:48=33.5c | 21:48=33.5c | 22:48=33.5c | 23:49=34.5c | 00:49=34.5c | 01:50=34.5c | 02:50=34.5c | 03:51=34.5c | 04:51=34.5c | 05:52=34.5c | [BUY:Buy at 1h — 34.5c (first uptick)] | [SELL:Sell at 12h — 35.0c (trailing_stop)]
EVT_130A64_2,US-Iran nuclear deal by June 30?,A,A — BLUE CHIP,CONSENSUS,,EXITED,,0.345,0.39,1.5,3.0,149.0,6,Exited: plateau (4h no improvement),,LOW,10000.0,,18 Feb 18:31,https://polymarket.com/event/us-iran-nuclear-deal-by-june-30,18:32=32.5c | 20:03=32.5c | 21:03=33.5c | 22:04=33.0c | 23:04=33.5c | 00:05=33.5c | 01:05=32.5c | 02:06=32.5c | 03:07=34.5c | 04:07=34.5c | 05:07=34.5c | 06:14=34.0c | 07:17=34.5c | 08:18=34.5c | 09:18=34.5c | 10:19=34.5c | 11:19=34.5c | 12:19=34.5c | 13:20=34.5c | 14:21=34.5c | 15:22=35.5c | 16:45=35.5c | 17:46=35.0c | 18:47=34.5c | 19:47=33.5c | 20:48=33.5c | 21:48=33.5c | 22:48=33.5c | 23:49=34.5c | 00:49=34.5c | 01:50=34.5c | 02:50=34.5c | 03:51=34.5c | 04:51=34.5c | 05:52=34.5c | [BUY:Buy at 2h — 33.5c (first uptick)] | [SELL:Sell at 12h — 34.0c (plateau)]
EVT_130A64_3,US-Iran nuclear deal by June 30?,A,A — BLUE CHIP,CONSENSUS,,EXITED,,0.345,0.37,-1.5,4.5,-152.0,4,Exited: trailing stop (0.5c from peak),,LOW,10000.0,,18 Feb 18:15,https://polymarket.com/event/us-iran-nuclear-deal-by-june-30,18:15=32.5c | 19:15=32.5c | 20:15=32.5c | 21:16=33.0c | 22:16=33.0c | 23:16=33.5c | 00:16=34.0c | 01:16=32.5c | 02:06=32.5c | 03:07=34.5c | 04:07=34.5c | 05:07=34.5c | 06:14=34.0c | 07:17=34.5c | 08:18=34.5c | 09:18=34.5c | 10:19=34.5c | 11:19=34.5c | 12:19=34.5c | 13:20=34.5c | 14:21=34.5c | 15:22=35.5c | 16:45=35.5c | 17:46=35.0c | 18:47=34.5c | 19:47=33.5c | 20:48=33.5c | 21:48=33.5c | 22:48=33.5c | 23:49=34.5c | 00:49=34.5c | 01:50=34.5c | 02:50=34.5c | 03:51=34.5c | 04:51=34.5c | 05:52=34.5c | [BUY:Buy at 3h — 33.0c (first uptick)] | [SELL:Sell at 7h — 32.5c (trailing_stop)]
EVT_15D87D,Will Crude Oil (CL) settle over $63 on the final trading day of June 2026?,D,D — DARK HORSE,FRONTIER,,KILLED,0.545,,0.58,,0.0,,10,,71c spread (illiquid),,,,18 Feb 06:50,https://polymarket.com/event/cl-over-under-jun-2026,06:51=54.5c | 07:51=54.5c | 08:51=54.5c | 09:51=54.5c | 10:52=54.5c | 11:52=54.5c | 12:53=54.5c | 13:54=54.5c | 14:55=54.5c | 15:55=54.5c | 17:14=54.5c | 18:15=54.5c | 19:15=54.5c | 20:15=54.5c | 21:16=50.5c | 22:16=54.5c | 23:16=54.5c | 00:16=54.5c | 01:16=54.5c | 02:06=54.5c | 03:07=54.5c | 04:07=54.5c | 05:07=54.5c | 06:14=54.5c | 07:17=54.5c | 08:18=54.5c | 09:18=54.5c | 10:19=54.5c | 11:19=47.5c | 12:19=48.0c | 13:20=51.0c | 14:21=56.0c | 15:22=56.0c | 16:45=56.0c | 17:46=56.0c | 18:47=56.0c | 19:47=56.0c | 20:48=56.0c | 21:48=57.0c | 22:48=57.0c | 23:49=57.0c | 00:49=57.0c | 01:50=57.0c | 02:50=57.0c | 03:51=57.5c | 04:51=57.5c | 05:52=57.5c | [KILL:Kill: sentiment reversed at 0h]
EVT_1FE9AE,Will Iran close the Strait of Hormuz before 2027? [C],C,C — CONTESTED,CONSENSUS,,WATCHING,0.385,0.345,0.21,,0.0,,13,,,,,,18 Feb 18:31,https://polymarket.com/event/will-iran-close-the-strait-of-hormuz-by-2027,18:32=38.5c | 20:03=35.0c | 21:03=35.0c | 22:04=35.5c | 23:04=35.5c | 00:05=33.5c | 01:05=33.5c | 02:06=33.5c | 03:07=33.5c | 04:07=33.5c | 05:07=33.5c | 06:14=34.0c | 07:17=34.0c | 08:18=34.0c | 09:18=34.0c | 10:19=34.0c | 11:19=34.0c | 12:19=34.0c | 13:20=34.5c | 14:21=34.5c | 15:22=34.0c | 16:45=34.0c | 17:46=33.5c | 18:47=33.5c | 19:47=33.5c | 20:48=33.5c | 21:48=34.0c | 22:48=34.0c | 23:49=34.0c | 00:49=34.0c | 01:50=34.0c | 02:50=34.5c | 03:51=34.5c | 04:51=34.5c | 05:52=34.5c
EVT_201A28_1,Will Iran close the Strait of Hormuz by March 31?,A,A — BLUE CHIP,CONSENSUS,lower,EXITED,,0.18,0.11,0.0,-2.9,0.0,7,Exited: max hold time (12h),,MEDIUM,5000.0,,19 Feb 05:56,https://polymarket.com/event/will-iran-close-the-strait-of-hormuz-by-2027,05:56=34.0c | 06:57=34.0c | 07:58=34.0c | 08:59=34.0c | 10:00=34.0c | 11:00=34.0c | 12:01=34.0c | 13:02=34.0c | 14:03=17.5c | 15:03=17.5c | 16:45=17.5c | 17:46=17.5c | 18:47=17.5c | 19:47=17.5c | 20:48=17.5c | 21:48=17.5c | 22:48=17.5c | 23:49=17.5c | 00:49=17.5c | 01:50=17.5c | 02:50=17.5c | 03:51=18.0c | 04:51=18.0c | 05:52=18.0c | [BUY:Buy at 8h — 17.5c (first uptick)] | [SELL:Sell at 21h — 17.5c (max_hold)]
EVT_201A28_2,Will Iran close the Strait of Hormuz by March 31?,A,A — BLUE CHIP,,,WATCHING,0.385,0.18,0.09,,0.0,,9,,,,,,18 Feb 18:15,https://polymarket.com/event/will-iran-close-the-strait-of-hormuz-by-2027,18:15=38.5c | 19:15=36.0c | 20:15=35.0c | 21:16=35.0c | 22:16=35.5c | 23:16=35.0c | 00:16=33.5c | 01:16=33.5c | 02:06=33.5c | 03:07=33.5c | 04:07=33.5c | 05:07=33.5c | 06:14=34.0c | 07:17=34.0c | 08:18=34.0c | 09:18=34.0c | 10:19=34.0c | 11:19=34.0c | 12:19=34.0c | 13:20=34.5c | 14:21=17.5c | 15:22=17.5c | 16:45=17.5c | 17:46=17.5c | 18:47=17.5c | 19:47=17.5c | 20:48=17.5c | 21:48=17.5c | 22:48=17.5c | 23:49=17.5c | 00:49=17.5c | 01:50=17.5c | 02:50=17.5c | 03:51=18.0c | 04:51=18.0c | 05:52=18.0c
EVT_201A28_3,Will Iran close the Strait of Hormuz by March 31?,B,B — BREAD & BUTTER,CONSENSUS,,EXITED,,0.18,0.11,4.3,48.6,429.0,7,Exited: plateau (4h no improvement),,LOW,10000.0,,18 Feb 18:31,https://polymarket.com/event/will-iran-close-the-strait-of-hormuz-by-2027,18:32=38.5c | 20:03=35.0c | 21:03=35.0c | 22:04=35.5c | 23:04=35.5c | 00:05=33.5c | 01:05=33.5c | 02:06=33.5c | 03:07=33.5c | 04:07=33.5c | 05:07=33.5c | 06:14=34.0c | 07:17=34.0c | 08:18=34.0c | 09:18=34.0c | 10:19=34.0c | 11:19=34.0c | 12:19=34.0c | 13:20=34.5c | 14:21=17.5c | 15:22=17.5c | 16:45=17.5c | 17:46=17.5c | 18:47=17.5c | 19:47=17.5c | 20:48=17.5c | 21:48=17.5c | 22:48=17.5c | 23:49=17.5c | 00:49=17.5c | 01:50=17.5c | 02:50=17.5c | 03:51=18.0c | 04:51=18.0c | 05:52=18.0c | [BUY:Buy at 2h — 35.0c (first uptick)] | [SELL:Sell at 9h — 33.5c (plateau)]
EVT_204BA6,Will the Fed decrease interest rates by 50 bps after the June 2026 meeting? [B],B,B — BREAD & BUTTER,CONSENSUS,,KILLED,1.0,,0.08,,0.0,,4,,"4c entry = lottery ticket, spread eats edge",,,,18 Feb 06:50,https://polymarket.com/event/fed-decision-in-june,06:51=100.0c | 07:51=100.0c | 08:51=100.0c | 09:51=100.0c | 10:52=100.0c | 11:52=100.0c | 12:53=100.0c | 13:54=100.0c | 14:55=100.0c | 15:55=100.0c | 17:14=100.0c | 18:15=100.0c | 19:15=100.0c | 20:15=100.0c | 21:16=100.0c | 22:16=100.0c | 23:16=100.0c | 00:16=100.0c | 01:16=100.0c | 02:06=100.0c | 03:07=100.0c | 04:07=100.0c | 05:07=100.0c | 06:14=100.0c | 07:17=100.0c | 08:18=100.0c | 09:18=100.0c | 10:19=100.0c | 11:19=100.0c | 12:19=100.0c | 13:20=100.0c | 14:21=100.0c | 15:22=100.0c | [KILL:Kill: sentiment reversed at 0h]
EVT_2A9521,Will the Fed decrease interest rates by 50+ bps after the June 2026 meeting? [B],B,B — BREAD & BUTTER,CONSENSUS,,EXITED,,0.085,0.12,6.8,-83.5,680.0,4,Exited: trailing stop (0.5c from peak),,LOW,10000.0,,16 Feb 08:56,https://polymarket.com/event/fed-decision-in-june-825,08:56=51.0c | 09:58=51.0c | 10:59=51.0c | 11:53=51.0c | 13:12=51.0c | 14:43=51.5c | 15:43=51.5c | 16:44=52.0c | 18:02=53.0c | 19:02=53.5c | 20:03=54.5c | 21:03=55.0c | 22:06=55.5c | 23:06=55.5c | 00:07=55.0c | 01:07=55.0c | 02:08=55.5c | 03:10=54.5c | 04:11=54.5c | 05:11=54.5c | 06:11=54.5c | 07:52=54.5c | 09:24=54.5c | 10:25=54.5c | 11:26=54.5c | 12:26=54.5c | 13:27=55.0c | 14:28=55.0c | 15:29=53.5c | 16:29=53.5c | 17:30=53.5c | 18:31=54.0c | 19:31=53.5c | 20:32=54.0c | 21:32=54.0c | 22:32=54.0c | 23:33=54.0c | 00:34=54.0c | 01:34=53.0c | 02:35=53.5c | 03:36=53.0c | 04:36=53.0c | 05:37=53.5c | 06:38=53.5c | 07:51=53.0c | 08:51=53.0c | 09:51=52.5c | 10:52=52.5c | 11:52=52.5c | 12:53=52.0c | 13:54=52.0c | 14:55=52.0c | 15:55=52.0c | 17:14=52.5c | 18:15=52.0c | 19:15=52.0c | 20:15=52.0c | 21:16=52.0c | 22:16=52.0c | 23:16=52.0c | 00:16=52.0c | 01:05=52.0c | 02:06=51.5c | 03:07=51.5c | 04:07=51.5c | 05:07=51.0c | 06:14=51.0c | 07:17=51.0c | 08:18=51.0c | 09:18=51.0c | 10:19=51.0c | 11:19=50.5c | 12:19=50.5c | 13:20=50.5c | 14:21=8.5c | 15:22=7.5c | 16:45=8.0c | 17:46=8.0c | 18:47=8.0c | 19:47=8.0c | 20:48=8.0c | 21:48=8.5c | 22:48=8.5c | 23:49=8.5c | 00:49=8.5c | 01:50=8.5c | 02:50=8.5c | 03:51=8.5c | 04:51=8.5c | 05:52=8.5c | [BUY:Buy at 6h — 51.5c (first uptick)] | [SELL:Sell at 15h — 55.0c (trailing_stop)]
EVT_2DC5A4,Will inflation reach more than 4% in 2026? [B],B,B — BREAD & BUTTER,CONSENSUS,,EXITED,0.105,0.11,0.16,0.0,4.8,,5,Exited: merged with duplicate,,,,,16 Feb 08:56,https://polymarket.com/event/how-high-will-inflation-get-in-2026,08:56=10.5c | 09:58=10.5c | 10:59=10.5c | 11:53=10.5c | 13:12=10.5c | 14:43=10.5c | 15:43=10.0c | 16:44=10.0c | 18:02=10.0c | 19:02=10.0c | 20:03=10.0c | 21:03=10.0c | 22:06=10.0c | 23:06=10.0c | 00:07=10.0c | 01:07=10.0c | 02:08=10.0c | 03:10=10.0c | 04:11=10.0c | 05:11=10.0c | 06:11=10.0c | 07:52=10.0c | 09:24=10.0c | 10:25=10.0c | 11:26=10.0c | 12:26=10.0c | 13:27=10.0c | 14:28=10.0c | 15:29=10.0c | 16:29=10.0c | 17:30=10.0c | 18:31=10.0c | 19:31=10.0c | 20:32=10.0c | 21:32=10.0c | 22:32=10.0c | 23:33=10.0c | 00:34=10.0c | 01:34=10.0c | 02:35=10.0c | 03:36=10.0c | 04:36=10.0c | 05:37=10.5c | 06:38=10.5c | 07:51=10.0c | 08:51=10.5c | 09:51=10.5c | 10:52=10.5c | 11:52=10.5c | 12:53=12.5c | 13:54=12.5c | 14:55=12.0c | 15:55=12.5c | 17:14=12.5c | 18:15=12.5c | 19:15=12.5c | 20:15=11.0c | 21:16=11.5c | 22:16=11.5c | 23:16=11.5c | 00:16=11.5c | 01:05=11.5c | 02:06=11.5c | 03:07=11.5c | 04:07=11.5c | 05:07=11.5c | 06:14=11.5c | 07:17=11.5c | 08:18=11.5c | 09:18=11.5c | 10:19=11.0c | 11:19=10.0c | 12:19=10.0c | 13:20=10.0c | 14:21=10.0c | 15:22=10.0c | 16:45=10.0c | 17:46=10.0c | 18:47=10.0c | 19:47=12.0c | 20:48=12.5c | 21:48=12.5c | 22:48=12.0c | 23:49=11.0c | 00:49=11.0c | 01:50=11.5c | 02:50=11.5c | 03:51=11.0c | 04:51=11.5c | 05:52=11.0c | [BUY:Buy at 45h — 10.5c (first uptick)] | [SELL:Sell at 57h — 10.5c (dedup_merge)]
EVT_3581C1,"Israel strikes Iran by March 31, 2026?",B,B — BREAD & BUTTER,CONSENSUS,,EXITED,,0.535,0.47,12.2,7.0,1200.0,10,Exited: trailing stop (0.5c from peak),,LOW,10000.0,,18 Feb 18:31,https://polymarket.com/event/israel-strikes-iran-by-march-31-2026,18:32=57.0c | 20:03=58.0c | 21:03=57.5c | 22:04=50.5c | 23:04=50.0c | 00:05=49.5c | 01:05=49.5c | 02:06=50.5c | 03:07=52.0c | 04:07=53.0c | 05:07=53.0c | 06:14=52.0c | 07:17=53.0c | 08:18=52.5c | 09:18=52.5c | 10:19=52.5c | 11:19=51.0c | 12:19=51.5c | 13:20=56.5c | 14:21=56.0c | 15:22=55.5c | 16:45=50.5c | 17:46=50.5c | 18:47=51.5c | 19:47=51.0c | 20:48=55.0c | 21:48=56.5c | 22:48=56.5c | 23:49=55.5c | 00:49=54.5c | 01:50=53.5c | 02:50=53.5c | 03:51=53.5c | 04:51=53.5c | 05:52=53.5c | [BUY:Buy at 2h — 57.5c (first uptick)] | [SELL:Sell at 8h — 50.5c (trailing_stop)]
EVT_386D34,Will no Fed rate cuts happen in 2026?,B,B — BREAD & BUTTER,CONSENSUS,higher,EXITED,,0.102,0.14,7.0,2.5,140.0,4,Exited: plateau (4h no improvement),,HIGH,2000.0,,19 Feb 06:16,https://polymarket.com/event/how-many-fed-rate-cuts-in-2026,06:17=9.6c | 07:17=10.0c | 08:18=10.2c | 09:18=11.0c | 10:19=11.0c | 11:19=11.0c | 12:19=11.1c | 13:20=11.1c | 14:21=11.0c | 15:22=10.7c | 16:45=9.2c | 17:46=8.3c | 18:47=8.3c | 19:47=11.3c | 20:48=11.4c | 21:48=10.2c | 22:48=10.2c | 23:49=10.2c | 00:49=10.2c | 01:50=10.2c | 02:50=10.2c | 03:51=10.2c | 04:51=10.2c | 05:52=10.2c | [BUY:Buy at 1h — 10.0c (first uptick)] | [SELL:Sell at 9h — 10.7c (plateau)]
EVT_4276BB,"US strikes Iran by February 28, 2026? [D]",D,D — DARK HORSE,DISCOVERY,,WATCHING,0.275,0.265,0.18,,0.0,,20,,,,,,18 Feb 18:15,https://polymarket.com/event/us-strikes-iran-by,14:21=27.5c | 15:22=22.5c | 16:45=24.5c | 17:46=23.5c | 18:47=23.5c | 19:47=24.5c | 20:48=23.5c | 21:48=26.5c | 22:48=26.5c | 23:49=25.5c | 00:49=25.5c | 01:50=25.5c | 02:50=25.5c | 03:51=26.5c | 04:51=26.5c | 05:52=26.5c
EVT_42B1A5,Iran strike on US military by February 28?,B,B — BREAD & BUTTER,DISCOVERY,,WATCHING,0.335,0.17,0.14,,0.0,,11,,,,,,18 Feb 18:15,https://polymarket.com/event/iran-strike-on-us-military-by-february-28,18:15=33.5c | 19:15=27.5c | 20:15=35.0c | 21:16=32.5c | 22:16=17.5c | 23:16=18.0c | 00:16=17.5c | 01:16=15.5c | 02:06=15.0c | 03:07=21.5c | 04:07=17.5c | 05:07=22.5c | 06:14=20.5c | 07:17=18.5c | 08:18=18.5c | 09:18=17.5c | 10:19=17.5c | 11:19=18.0c | 12:19=18.0c | 13:20=18.5c | 14:21=18.5c | 15:22=18.0c | 16:45=18.0c | 17:46=17.0c | 18:47=17.0c | 19:47=16.5c | 20:48=16.5c | 21:48=17.0c | 22:48=16.5c | 23:49=16.5c | 00:49=16.5c | 01:50=16.5c | 02:50=16.5c | 03:51=17.0c | 04:51=17.0c | 05:52=17.0c
EVT_44BCEB,Will 1 Fed rate cut happen in 2026?,A,A — BLUE CHIP,CONSENSUS,,EXITED,,0.165,0.31,40.3,137.4,806.0,15,Exited: max hold time (12h),,HIGH,2000.0,,18 Feb 06:50,https://polymarket.com/event/how-many-fed-rate-cuts-in-2026,06:51=6.9c | 07:51=6.6c | 08:51=6.6c | 09:51=7.0c | 10:52=7.1c | 11:52=7.4c | 12:53=7.4c | 13:54=7.9c | 14:55=8.0c | 15:55=8.0c | 17:14=8.0c | 18:15=8.0c | 19:15=8.2c | 20:15=8.8c | 21:16=8.6c | 22:16=9.8c | 23:16=9.8c | 00:16=10.0c | 01:16=10.2c | 02:06=10.2c | 03:07=9.8c | 04:07=9.8c | 05:07=9.7c | 06:14=9.6c | 07:17=10.0c | 08:18=10.2c | 09:18=11.0c | 10:19=11.0c | 11:19=11.0c | 12:19=11.1c | 13:20=11.1c | 14:21=16.5c | 15:22=16.5c | 16:45=16.5c | 17:46=16.5c | 18:47=16.5c | 19:47=16.5c | 20:48=16.5c | 21:48=16.5c | 22:48=16.5c | 23:49=16.5c | 00:49=16.5c | 01:50=16.5c | 02:50=16.5c | 03:51=16.5c | 04:51=16.5c | 05:52=16.5c | [BUY:Buy at 3h — 7.0c (first uptick)] | [SELL:Sell at 15h — 9.8c (max_hold)]
EVT_4B6645,Will inflation reach more than 3% in 2026?,A,A — BLUE CHIP,CONSENSUS,,EXITED,0.105,0.29,0.44,14.3,176.2,286.0,13,Exited: trailing stop (0.5c from peak),,HIGH,2000.0,,16 Feb 08:56,https://polymarket.com/event/how-high-will-inflation-get-in-2026,08:56=10.5c | 09:58=10.5c | 10:59=10.5c | 11:53=10.5c | 13:12=10.5c | 14:43=10.5c | 15:43=10.0c | 16:44=10.0c | 18:02=10.0c | 19:02=10.0c | 20:03=10.0c | 21:03=10.0c | 22:06=10.0c | 23:06=10.0c | 00:07=10.0c | 01:07=10.0c | 02:08=10.0c | 03:10=10.0c | 04:11=10.0c | 05:11=10.0c | 06:11=10.0c | 07:52=10.0c | 09:24=10.0c | 10:25=10.0c | 11:26=10.0c | 12:26=10.0c | 13:27=10.0c | 14:28=10.0c | 15:29=10.0c | 16:29=10.0c | 17:30=10.0c | 18:31=10.0c | 19:31=10.0c | 20:32=10.0c | 21:32=10.0c | 22:32=10.0c | 23:33=10.0c | 00:34=10.0c | 01:34=10.0c | 02:35=10.0c | 03:36=10.0c | 04:36=10.0c | 05:37=10.5c | 06:38=10.5c | 07:51=10.0c | 08:51=10.5c | 09:51=10.5c | 10:52=10.5c | 11:52=10.5c | 12:53=12.5c | 13:54=12.5c | 14:55=12.0c | 15:55=12.5c | 17:14=12.5c | 18:15=12.5c | 19:15=12.5c | 20:15=11.0c | 21:16=11.5c | 22:16=11.5c | 23:16=11.5c | 00:16=11.5c | 01:05=11.5c | 02:06=11.5c | 03:07=11.5c | 04:07=11.5c | 05:07=11.5c | 06:14=11.5c | 07:17=11.5c | 08:18=11.5c | 09:18=11.5c | 10:19=11.0c | 11:19=10.0c | 12:19=10.0c | 13:20=10.0c | 14:21=29.5c | 15:22=29.5c | 16:45=29.5c | 17:46=29.5c | 18:47=29.5c | 19:47=29.5c | 20:48=30.0c | 21:48=30.0c | 22:48=30.0c | 23:49=30.0c | 00:49=30.0c | 01:50=29.0c | 02:50=29.0c | 03:51=29.5c | 04:51=29.0c | 05:52=29.0c | [BUY:Buy at 45h — 10.5c (first uptick)] | [SELL:Sell at 54h — 12.0c (trailing_stop)]
EVT_4FA1A6,Will inflation reach more than 5% in 2026? [B],B,B — BREAD & BUTTER,CONSENSUS,,EXITED,0.105,0.085,0.11,19.0,-19.0,381.0,4,Exited: target reached,,HIGH,2000.0,,16 Feb 08:56,https://polymarket.com/event/how-high-will-inflation-get-in-2026,08:56=10.5c | 09:58=10.5c | 10:59=10.5c | 11:53=10.5c | 13:12=10.5c | 14:43=10.5c | 15:43=10.0c | 16:44=10.0c | 18:02=10.0c | 19:02=10.0c | 20:03=10.0c | 21:03=10.0c | 22:06=10.0c | 23:06=10.0c | 00:07=10.0c | 01:07=10.0c | 02:08=10.0c | 03:10=10.0c | 04:11=10.0c | 05:11=10.0c | 06:11=10.0c | 07:52=10.0c | 09:24=10.0c | 10:25=10.0c | 11:26=10.0c | 12:26=10.0c | 13:27=10.0c | 14:28=10.0c | 15:29=10.0c | 16:29=10.0c | 17:30=10.0c | 18:31=10.0c | 19:31=10.0c | 20:32=10.0c | 21:32=10.0c | 22:32=10.0c | 23:33=10.0c | 00:34=10.0c | 01:34=10.0c | 02:35=10.0c | 03:36=10.0c | 04:36=10.0c | 05:37=10.5c | 06:38=10.5c | 07:51=10.0c | 08:51=10.5c | 09:51=10.5c | 10:52=10.5c | 11:52=10.5c | 12:53=12.5c | 13:54=12.5c | 14:55=12.0c | 15:55=12.5c | 17:14=12.5c | 18:15=12.5c | 19:15=12.5c | 20:15=11.0c | 21:16=11.5c | 22:16=11.5c | 23:16=11.5c | 00:16=11.5c | 01:05=11.5c | 02:06=11.5c | 03:07=11.5c | 04:07=11.5c | 05:07=11.5c | 06:14=11.5c | 07:17=11.5c | 08:18=11.5c | 09:18=11.5c | 10:19=11.0c | 11:19=10.0c | 12:19=10.0c | 13:20=10.0c | 14:21=8.5c | 15:22=8.5c | 16:45=8.5c | 17:46=8.5c | 18:47=8.5c | 19:47=8.5c | 20:48=8.5c | 21:48=8.5c | 22:48=8.5c | 23:49=8.5c | 00:49=8.5c | 01:50=8.5c | 02:50=8.5c | 03:51=8.5c | 04:51=8.5c | 05:52=8.5c | [BUY:Buy at 45h — 10.5c (first uptick)] | [SELL:Sell at 52h — 12.5c (target)]
EVT_505E9B,"US strikes Iran by February 21, 2026? [C]",C,C — CONTESTED,CONSENSUS,,WATCHING,0.12,0.065,0.06,,0.0,,10,,,,,,18 Feb 18:31,https://polymarket.com/event/us-strikes-iran-by,14:21=12.0c | 15:22=9.0c | 16:45=10.0c | 17:46=7.5c | 18:47=8.0c | 19:47=6.5c | 20:48=6.5c | 21:48=9.5c | 22:48=9.5c | 23:49=8.5c | 00:49=7.5c | 01:50=7.0c | 02:50=6.5c | 03:51=6.5c | 04:51=6.5c | 05:52=6.5c
EVT_5334C6,Will there be no change in Fed interest rates after the March 2026 meeting?,A,A — BLUE CHIP,CONSENSUS,,ACTIVE,,0.928,0.88,-0.2,-0.2,-4.0,5,,,HIGH,2000.0,,19 Feb 06:16,https://polymarket.com/event/fed-decision-in-march-885,06:17=0.8c | 07:17=0.8c | 08:18=0.8c | 09:18=0.8c | 10:19=0.8c | 11:19=0.8c | 12:19=0.8c | 13:20=0.8c | 14:21=92.5c | 15:22=92.5c | 16:45=92.5c | 17:46=92.5c | 18:47=92.5c | 19:47=92.5c | 20:48=92.5c | 21:48=92.5c | 22:48=92.8c | 23:49=92.7c | 00:49=92.6c | 01:50=92.8c | 02:50=92.8c | 03:51=92.8c | 04:51=92.8c | 05:52=92.8c | [BUY:Buy at 18h — 92.7c (first uptick)]
EVT_5A5194,Will the Fed decrease interest rates by 25 bps after the March 2026 meeting?,B,B — BREAD & BUTTER,CONSENSUS,,EXITED,,0.052,0.11,0.0,600.0,0.0,4,Exited: max hold time (12h),,HIGH,2000.0,,16 Feb 08:56,https://polymarket.com/event/fed-decision-in-march-885,08:56=0.7c | 09:58=0.7c | 10:59=0.7c | 11:53=0.7c | 13:12=0.7c | 14:43=0.7c | 15:43=0.7c | 16:44=0.7c | 18:02=0.7c | 19:02=0.7c | 20:03=0.7c | 21:03=0.7c | 22:06=0.7c | 23:06=0.7c | 00:07=0.7c | 01:07=0.7c | 02:08=0.7c | 03:10=0.7c | 04:11=0.7c | 05:11=0.7c | 06:11=0.7c | 07:52=0.7c | 09:24=0.7c | 10:25=0.7c | 11:26=0.7c | 12:26=0.7c | 13:27=0.7c | 14:28=0.7c | 15:29=0.7c | 16:29=0.7c | 17:30=0.7c | 18:31=0.7c | 19:31=0.7c | 20:32=0.7c | 21:32=0.7c | 22:32=0.8c | 23:33=0.8c | 00:34=0.8c | 01:34=0.8c | 02:35=0.8c | 03:36=0.8c | 04:36=0.8c | 05:37=0.8c | 06:38=0.8c | 07:51=0.8c | 08:51=0.8c | 09:51=0.8c | 10:52=0.8c | 11:52=0.8c | 12:53=0.8c | 13:54=0.8c | 14:55=0.8c | 15:55=0.8c | 17:14=0.8c | 18:15=0.8c | 19:15=0.8c | 20:15=0.8c | 21:16=0.8c | 22:16=0.8c | 23:16=0.8c | 00:16=0.8c | 01:05=0.8c | 02:06=0.8c | 03:07=0.8c | 04:07=0.8c | 05:07=0.8c | 06:14=0.8c | 07:17=0.8c | 08:18=0.8c | 09:18=0.8c | 10:19=0.8c | 11:19=0.8c | 12:19=0.8c | 13:20=0.8c | 14:21=5.5c | 15:22=5.5c | 16:45=5.5c | 17:46=5.5c | 18:47=5.5c | 19:47=5.5c | 20:48=5.5c | 21:48=5.5c | 22:48=5.5c | 23:49=5.4c | 00:49=5.3c | 01:50=5.3c | 02:50=5.2c | 03:51=5.2c | 04:51=5.1c | 05:52=5.2c | [BUY:Buy at 38h — 0.8c (first uptick)] | [SELL:Sell at 76h — 0.8c (max_hold)]
EVT_606C42,Iran Strike on Israel by February 28?,B,B — BREAD & BUTTER,CONSENSUS,lower,EXITED,,0.165,0.16,-11.5,36.5,-1200.0,11,Exited: trailing stop (0.5c from peak),,LOW,10000.0,,19 Feb 05:56,https://polymarket.com/event/iran-strike-on-israel-by,05:56=26.5c | 06:57=26.0c | 07:58=25.5c | 08:59=25.0c | 10:00=29.0c | 11:00=28.5c | 12:01=28.5c | 13:02=28.5c | 14:03=23.5c | 15:03=25.5c | 16:45=24.0c | 17:46=24.5c | 18:47=21.5c | 19:47=20.5c | 20:48=20.5c | 21:48=20.5c | 22:48=19.5c | 23:49=16.5c | 00:49=15.5c | 01:50=17.0c | 02:50=17.5c | 03:51=17.0c | 04:51=16.5c | 05:52=16.5c | [BUY:Buy at 1h — 26.0c (first uptick)] | [SELL:Sell at 4h — 29.0c (trailing_stop)]
EVT_6C9F93,100% tariff on Canada in effect by June 30?,D,D — DARK HORSE,FRONTIER,lower,WATCHING,0.09,0.095,0.04,,0.0,,5,,,,,,19 Feb 05:13,https://polymarket.com/event/100-tariff-on-canada-in-effect-by-june-30,05:13=9.0c | 06:14=9.0c | 07:17=9.0c | 08:18=9.0c | 09:18=9.0c | 10:19=9.0c | 11:19=9.0c | 12:19=9.0c | 13:20=9.0c | 14:21=9.0c | 15:22=9.0c | 16:45=9.0c | 17:46=9.0c | 18:47=9.5c | 19:47=9.5c | 20:48=9.5c | 21:48=9.5c | 22:48=9.5c | 23:49=9.5c | 00:49=9.5c | 01:50=9.5c | 02:50=9.5c | 03:51=9.5c | 04:51=9.5c | 05:52=9.5c
EVT_700D39,"US strikes Iran by February 28, 2026?",A,A — BLUE CHIP,CONSENSUS,lower,WATCHING,0.28,0.265,0.21,,0.0,,10,,,,,,19 Feb 05:56,https://polymarket.com/event/us-strikes-iran-by,14:03=28.0c | 15:03=24.0c | 16:45=24.5c | 17:46=23.5c | 18:47=23.5c | 19:47=24.5c | 20:48=23.5c | 21:48=26.5c | 22:48=26.5c | 23:49=25.5c | 00:49=25.5c | 01:50=25.5c | 02:50=25.5c | 03:51=26.5c | 04:51=26.5c | 05:52=26.5c
EVT_7162C1,"Trump invokes War Powers against Iran by March 31, 2026?",B,B — BREAD & BUTTER,CONSENSUS,lower,EXITED,,0.655,0.29,,-52.3,,8,Exited: merged with duplicate,,,,,19 Feb 05:56,https://polymarket.com/event/trump-invokes-war-powers-against-iran-by,05:56=43.5c | 06:57=43.0c | 07:58=44.0c | 08:59=44.0c | 10:00=44.5c | 11:00=44.5c | 12:01=44.0c | 13:02=44.5c | 14:03=44.5c | 15:03=44.5c | 16:45=43.0c | 17:46=44.0c | 18:47=43.5c | 19:47=44.0c | 20:48=51.5c | 21:48=51.5c | 22:48=57.5c | 23:49=60.0c | 00:49=59.0c | 01:50=57.5c | 02:50=57.0c | 03:51=64.0c | 04:51=66.0c | 05:52=65.5c | [BUY:Buy at 1h — 43.0c (first uptick)]
EVT_737A11,Will Iran close the Strait of Hormuz by June 30? [C],C,C — CONTESTED,CONSENSUS,,WATCHING,0.385,0.265,0.14,,0.0,,12,,,,,,18 Feb 18:31,https://polymarket.com/event/will-iran-close-the-strait-of-hormuz-by-2027,18:32=38.5c | 20:03=35.0c | 21:03=35.0c | 22:04=35.5c | 23:04=35.5c | 00:05=33.5c | 01:05=33.5c | 02:06=33.5c | 03:07=33.5c | 04:07=33.5c | 05:07=33.5c | 06:14=34.0c | 07:17=34.0c | 08:18=34.0c | 09:18=34.0c | 10:19=34.0c | 11:19=34.0c | 12:19=34.0c | 13:20=34.5c | 14:21=27.5c | 15:22=27.5c | 16:45=27.5c | 17:46=27.5c | 18:47=27.5c | 19:47=28.0c | 20:48=28.5c | 21:48=27.5c | 22:48=27.5c | 23:49=26.0c | 00:49=26.0c | 01:50=26.5c | 02:50=26.5c | 03:51=26.5c | 04:51=26.5c | 05:52=26.5c
EVT_7EB1ED,US seizes an Iran-linked oil tanker by Feb 28?,D,D — DARK HORSE,FRONTIER,,WATCHING,0.745,0.445,0.61,,0.0,,11,,,,,,18 Feb 06:50,https://polymarket.com/event/us-seizes-an-iran-linked-oil-tanker-by-feb-28,06:51=74.5c | 07:51=74.0c | 08:51=71.0c | 09:51=72.0c | 10:52=50.5c | 11:52=28.0c | 12:53=35.0c | 13:54=31.5c | 14:55=34.0c | 15:55=33.5c | 17:14=47.0c | 18:15=49.0c | 19:15=49.0c | 20:15=53.5c | 21:16=52.5c | 22:16=60.0c | 23:16=51.5c | 00:16=47.0c | 01:16=45.5c | 02:06=45.0c | 03:07=43.0c | 04:07=43.5c | 05:07=43.5c | 06:14=43.5c | 07:17=43.5c | 08:18=43.5c | 09:18=40.5c | 10:19=48.5c | 11:19=48.5c | 12:19=47.5c | 13:20=49.5c | 14:21=50.0c | 15:22=50.5c | 16:45=46.5c | 17:46=44.5c | 18:47=44.5c | 19:47=44.5c | 20:48=46.0c | 21:48=46.0c | 22:48=46.5c | 23:49=46.0c | 00:49=44.5c | 01:50=44.5c | 02:50=44.5c | 03:51=44.5c | 04:51=44.5c | 05:52=44.5c
EVT_7F9EF0,Will Iran close the Strait of Hormuz by June 30? [D],D,D — DARK HORSE,DISCOVERY,,WATCHING,0.385,0.265,0.11,,0.0,,14,,,,,,18 Feb 18:15,https://polymarket.com/event/will-iran-close-the-strait-of-hormuz-by-2027,18:15=38.5c | 19:15=36.0c | 20:15=35.0c | 21:16=35.0c | 22:16=35.5c | 23:16=35.0c | 00:16=33.5c | 01:16=33.5c | 02:06=33.5c | 03:07=33.5c | 04:07=33.5c | 05:07=33.5c | 06:14=34.0c | 07:17=34.0c | 08:18=34.0c | 09:18=34.0c | 10:19=34.0c | 11:19=34.0c | 12:19=34.0c | 13:20=34.5c | 14:21=27.5c | 15:22=27.5c | 16:45=27.5c | 17:46=27.5c | 18:47=27.5c | 19:47=28.0c | 20:48=28.5c | 21:48=27.5c | 22:48=27.5c | 23:49=26.0c | 00:49=26.0c | 01:50=26.5c | 02:50=26.5c | 03:51=26.5c | 04:51=26.5c | 05:52=26.5c
EVT_857696,US seizes an Iran-linked oil tanker by Feb 28? [D],D,D — DARK HORSE,DISCOVERY,,WATCHING,0.435,0.445,0.29,,0.0,,15,,,,,,19 Feb 05:56,https://polymarket.com/event/us-seizes-an-iran-linked-oil-tanker-by-feb-28,05:56=43.5c | 06:57=43.5c | 07:58=43.5c | 08:59=44.5c | 10:00=48.5c | 11:00=48.5c | 12:01=47.5c | 13:02=48.5c | 14:03=50.0c | 15:03=50.5c | 16:45=47.5c | 17:46=44.5c | 18:47=44.5c | 19:47=44.5c | 20:48=45.5c | 21:48=46.0c | 22:48=46.5c | 23:49=46.0c | 00:49=44.5c | 01:50=44.5c | 02:50=44.5c | 03:51=44.5c | 04:51=44.5c | 05:52=44.5c
EVT_9752C4,Iran agrees to end enrichment of uranium by March 31?,B,B — BREAD & BUTTER,CONSENSUS,,EXITED,,0.14,0.18,3.8,7.7,77.0,5,Exited: plateau (4h no improvement),,HIGH,2000.0,,18 Feb 18:31,https://polymarket.com/event/iran-agrees-to-end-enrichment-of-uranium-by-march-31,18:32=12.5c | 20:03=13.0c | 21:03=13.5c | 22:04=13.5c | 23:04=13.5c | 00:05=13.5c | 01:05=13.5c | 02:06=13.5c | 03:07=13.5c | 04:07=13.5c | 05:07=13.5c | 06:14=13.5c | 07:17=13.5c | 08:18=13.5c | 09:18=13.5c | 10:19=13.5c | 11:19=13.5c | 12:19=13.5c | 13:20=13.5c | 14:21=13.5c | 15:22=13.5c | 16:45=13.5c | 17:46=13.5c | 18:47=13.5c | 19:47=13.5c | 20:48=13.5c | 21:48=13.5c | 22:48=13.5c | 23:49=13.5c | 00:49=13.5c | 01:50=13.5c | 02:50=13.5c | 03:51=14.0c | 04:51=14.0c | 05:52=14.0c | [BUY:Buy at 2h — 13.0c (first uptick)] | [SELL:Sell at 6h — 13.5c (plateau)]
EVT_97FE3A,Will Trump create a tariff dividend by March 31?,E,E — FRONTIER SCOUT,DISCOVERY,,KILLED,0.065,,0.12,,0.0,,5,,"Rationalisation: duplicate slug, keeping master",,,,18 Feb 06:50,https://polymarket.com/event/will-trump-create-a-tariff-dividend-by-march-31,06:51=6.5c | 07:51=6.5c | 08:51=6.5c | 09:51=6.5c | 10:52=6.5c | 11:52=6.5c | 12:53=6.5c | 13:54=6.5c | 14:55=6.5c | 15:55=6.5c | 17:14=6.5c | 18:15=6.5c | 19:15=6.5c | 20:15=6.5c | 21:16=6.5c | 22:16=6.5c | 23:16=6.5c | 00:16=6.5c | 01:16=6.5c | 02:06=6.5c | 03:07=6.5c | 04:07=6.5c | 05:07=6.5c | 06:14=6.5c | 07:17=6.5c | 08:18=6.5c | 09:18=6.5c | 10:19=6.5c | 11:19=6.5c | 12:19=6.5c | 13:20=6.5c | 14:21=6.5c | 15:22=6.5c | 16:45=6.5c | 17:46=6.5c | 18:47=6.5c | 19:47=6.5c | 20:48=6.5c | 21:48=6.5c | 22:48=6.5c | 23:49=6.5c | 00:49=6.5c | 01:50=6.5c | 02:50=6.5c | 03:51=6.5c | 04:51=6.5c | 05:52=6.5c | [KILL:Kill: sentiment reversed at 11h]
EVT_9EEDC0_1,"Israel strikes Iran by February 28, 2026?",A,A — BLUE CHIP,CONSENSUS,lower,EXITED,,0.18,0.22,18.2,34.5,1800.0,5,Exited: target reached,,LOW,10000.0,,19 Feb 05:56,https://polymarket.com/event/israel-strikes-iran-by-february-28-2026,05:56=26.0c | 06:57=26.5c | 07:58=28.5c | 08:59=27.5c | 10:00=29.0c | 11:00=28.5c | 12:01=27.5c | 13:02=27.5c | 14:03=28.5c | 15:03=23.5c | 16:45=23.5c | 17:46=22.5c | 18:47=21.5c | 19:47=22.0c | 20:48=23.5c | 21:48=23.5c | 22:48=23.5c | 23:49=22.5c | 00:49=21.0c | 01:50=18.5c | 02:50=17.5c | 03:51=19.5c | 04:51=19.5c | 05:52=18.0c | [BUY:Buy at 3h — 27.5c (first uptick)] | [SELL:Sell at 12h — 22.5c (target)]
EVT_9EEDC0_2,"Israel strikes Iran by February 28, 2026?",A,A — BLUE CHIP,CONSENSUS,,EXITED,,0.18,0.17,44.3,48.6,4400.0,18,Exited: target reached,,LOW,10000.0,,18 Feb 18:15,https://polymarket.com/event/israel-strikes-iran-by-february-28-2026,18:15=35.5c | 19:15=35.0c | 20:15=37.5c | 21:16=31.5c | 22:16=19.5c | 23:16=20.5c | 00:16=20.5c | 01:16=23.5c | 02:06=25.5c | 03:07=26.5c | 04:07=27.5c | 05:07=26.5c | 06:14=26.5c | 07:17=26.5c | 08:18=27.5c | 09:18=28.5c | 10:19=29.0c | 11:19=28.0c | 12:19=27.5c | 13:20=27.5c | 14:21=28.5c | 15:22=24.5c | 16:45=23.5c | 17:46=22.5c | 18:47=21.5c | 19:47=22.0c | 20:48=23.5c | 21:48=23.5c | 22:48=23.5c | 23:49=22.5c | 00:49=21.0c | 01:50=19.0c | 02:50=17.5c | 03:51=19.5c | 04:51=19.5c | 05:52=18.0c | [BUY:Buy at 1h — 35.0c (first uptick)] | [SELL:Sell at 4h — 19.5c (target)]
EVT_A10667,Fed rate cut by June 2026 meeting?,B,B — BREAD & BUTTER,,lower,WATCHING,0.775,0.725,0.69,,0.0,,9,,,,,,19 Feb 06:16,https://polymarket.com/event/fed-rate-cut-by-629,06:17=77.5c | 07:17=75.0c | 08:18=75.0c | 09:18=75.0c | 10:19=75.0c | 11:19=75.5c | 12:19=75.0c | 13:20=75.0c | 14:21=73.0c | 15:22=77.0c | 16:45=76.0c | 17:46=77.0c | 18:47=76.0c | 19:47=76.0c | 20:48=76.5c | 21:48=73.5c | 22:48=73.5c | 23:49=73.5c | 00:49=73.5c | 01:50=73.5c | 02:50=72.5c | 03:51=72.5c | 04:51=72.5c | 05:52=72.5c
EVT_A6A8FF,"Will the median home value in Chicago be between $315,000 and $320,000 by March 1? [E]",E,E — FRONTIER SCOUT,FRONTIER,,WATCHING,0.032,0.865,0.81,,0.0,,6,,,,,,18 Feb 19:02,https://polymarket.com/event/what-will-the-median-home-value-in-chicago-be-on-march-1,19:03=3.2c | 20:03=4.6c | 21:03=3.9c | 22:04=3.1c | 23:04=3.4c | 00:05=3.6c | 01:05=3.5c | 02:06=3.3c | 03:07=3.1c | 04:07=3.1c | 05:07=3.1c | 06:14=3.1c | 07:17=3.1c | 08:18=3.1c | 09:18=4.2c | 10:19=4.0c | 11:19=3.1c | 12:19=3.1c | 13:20=3.1c | 14:21=86.5c | 15:22=86.5c | 16:45=86.5c | 17:46=86.5c | 18:47=86.5c | 19:47=86.5c | 20:48=86.5c | 21:48=86.5c | 22:48=86.5c | 23:49=86.5c | 00:49=86.5c | 01:50=86.5c | 02:50=86.5c | 03:51=86.5c | 04:51=86.5c | 05:52=86.5c
EVT_A8B237,US-Iran nuclear deal before 2027? [C],C,C — CONTESTED,CONSENSUS,,WATCHING,0.44,0.48,0.52,,0.0,,7,,,,,,18 Feb 18:31,https://polymarket.com/event/us-iran-nuclear-deal-before-2027,18:32=44.0c | 20:03=44.5c | 21:03=45.5c | 22:04=45.5c | 23:04=46.5c | 00:05=46.5c | 01:05=46.5c | 02:06=46.5c | 03:07=46.5c | 04:07=46.5c | 05:07=47.5c | 06:14=47.5c | 07:17=47.5c | 08:18=45.5c | 09:18=46.0c | 10:19=45.5c | 11:19=45.5c | 12:19=45.0c | 13:20=45.5c | 14:21=45.5c | 15:22=45.5c | 16:45=47.5c | 17:46=46.5c | 18:47=46.5c | 19:47=46.5c | 20:48=49.0c | 21:48=47.0c | 22:48=47.0c | 23:49=46.5c | 00:49=46.5c | 01:50=46.5c | 02:50=47.5c | 03:51=47.5c | 04:51=47.0c | 05:52=48.0c
EVT_B1585E,Will Crude Oil (CL) settle over $70 on the final trading day of June 2026?,D,D — DARK HORSE,FRONTIER,,KILLED,0.545,,0.57,,0.0,,5,,71c spread (illiquid),,,,18 Feb 06:50,https://polymarket.com/event/cl-over-under-jun-2026,06:51=54.5c | 07:51=54.5c | 08:51=54.5c | 09:51=54.5c | 10:52=54.5c | 11:52=54.5c | 12:53=54.5c | 13:54=54.5c | 14:55=54.5c | 15:55=54.5c | 17:14=54.5c | 18:15=54.5c | 19:15=54.5c | 20:15=54.5c | 21:16=50.5c | 22:16=54.5c | 23:16=54.5c | 00:16=54.5c | 01:16=54.5c | 02:06=54.5c | 03:07=54.5c | 04:07=54.5c | 05:07=54.5c | 06:14=54.5c | 07:17=54.5c | 08:18=54.5c | 09:18=54.5c | 10:19=54.5c | 11:19=47.5c | 12:19=48.0c | 13:20=51.0c | 14:21=51.7c | 15:22=51.7c | 16:45=51.7c | 17:46=51.7c | 18:47=51.7c | 19:47=51.7c | 20:48=51.7c | 21:48=51.7c | 22:48=51.7c | 23:49=51.7c | 00:49=51.7c | 01:50=51.7c | 02:50=51.7c | 03:51=51.7c | 04:51=51.7c | 05:52=51.4c | [KILL:Kill: sentiment reversed at 0h]
EVT_BCBBC3_1,Will the Fed decrease interest rates by 25 bps after the April 2026 meeting?,A,A — BLUE CHIP,CONSENSUS,,EXITED,,0.2,0.28,0.0,733.3,,6,Exited: token correction,,,,,18 Feb 06:50,https://polymarket.com/event/fed-decision-in-april,06:51=2.5c | 07:51=2.5c | 08:51=2.5c | 09:51=2.5c | 10:52=2.5c | 11:52=2.5c | 12:53=2.5c | 13:54=2.5c | 14:55=2.5c | 15:55=2.5c | 17:14=2.5c | 18:15=2.5c | 19:15=2.5c | 20:15=2.5c | 21:16=2.5c | 22:16=2.5c | 23:16=2.4c | 00:16=2.4c | 01:16=2.3c | 02:06=2.2c | 03:07=2.2c | 04:07=2.4c | 05:07=2.4c | 06:14=2.3c | 07:17=2.5c | 08:18=2.3c | 09:18=2.3c | 10:19=2.3c | 11:19=2.5c | 12:19=2.2c | 13:20=2.4c | 14:21=19.0c | 15:22=19.0c | 16:45=19.0c | 17:46=19.0c | 18:47=20.0c | 19:47=20.0c | 20:48=22.0c | 21:48=21.5c | 22:48=21.5c | 23:49=21.5c | 00:49=20.0c | 01:50=20.0c | 02:50=20.5c | 03:51=19.5c | 04:51=20.5c | 05:52=20.0c | [BUY:Buy at 21h — 2.4c (first uptick)] | [SELL:Sell at 30h — 2.4c (token_fix)]
EVT_BCBBC3_2,Will the Fed decrease interest rates by 25 bps after the April 2026 meeting?,A,A — BLUE CHIP,CONSENSUS,,EXITED,0.025,0.2,0.29,2.0,700.0,,6,Exited: never entered,,,,,16 Feb 08:56,https://polymarket.com/event/fed-decision-in-april,08:56=2.5c | 09:58=2.5c | 10:59=2.5c | 11:53=2.5c | 13:12=2.5c | 14:43=2.5c | 15:43=2.5c | 16:44=2.5c | 18:02=2.5c | 19:02=2.5c | 20:03=2.5c | 21:03=2.5c | 22:06=2.5c | 23:06=2.5c | 00:07=2.5c | 01:07=2.5c | 02:08=2.5c | 03:10=2.5c | 04:11=2.5c | 05:11=2.5c | 06:11=2.5c | 07:52=2.5c | 09:24=2.5c | 10:25=2.5c | 11:26=2.5c | 12:26=2.5c | 13:27=2.5c | 14:28=2.5c | 15:29=2.5c | 16:29=2.5c | 17:30=2.5c | 18:31=2.5c | 19:31=2.5c | 20:32=2.5c | 21:32=2.5c | 22:32=2.5c | 23:33=2.5c | 00:34=2.5c | 01:34=2.5c | 02:35=2.5c | 03:36=2.5c | 04:36=2.5c | 05:37=2.5c | 06:38=2.5c | 07:51=2.5c | 08:51=2.5c | 09:51=2.5c | 10:52=2.5c | 11:52=2.5c | 12:53=2.5c | 13:54=2.5c | 14:55=2.5c | 15:55=2.5c | 17:14=2.5c | 18:15=2.5c | 19:15=2.5c | 20:15=2.5c | 21:16=2.5c | 22:16=2.5c | 23:16=2.4c | 00:16=2.4c | 01:05=2.4c | 02:06=2.2c | 03:07=2.2c | 04:07=2.4c | 05:07=2.4c | 06:14=2.3c | 07:17=2.5c | 08:18=2.3c | 09:18=2.3c | 10:19=2.3c | 11:19=2.5c | 12:19=2.2c | 13:20=2.5c | 14:21=19.0c | 15:22=19.0c | 16:45=19.0c | 17:46=19.0c | 18:47=20.0c | 19:47=20.0c | 20:48=22.0c | 21:48=21.5c | 22:48=21.5c | 23:49=21.5c | 00:49=20.0c | 01:50=20.0c | 02:50=20.5c | 03:51=19.5c | 04:51=20.5c | 05:52=20.0c | [BUY:Buy at 6h — 2.5c (first uptick)] | [SELL:Sell at 10h — 2.5c (never_entered)]
EVT_BCBBC3_3,Will the Fed decrease interest rates by 25 bps after the April 2026 meeting?,B,B — BREAD & BUTTER,CONSENSUS,,EXITED,,0.2,0.24,0.0,716.3,,5,Exited: token correction,,,,,19 Feb 06:16,https://polymarket.com/event/fed-decision-in-april,06:17=2.3c | 07:17=2.5c | 08:18=2.3c | 09:18=2.3c | 10:19=2.3c | 11:19=2.5c | 12:19=2.2c | 13:20=2.2c | 14:21=19.0c | 15:22=19.0c | 16:45=19.0c | 17:46=19.0c | 18:47=20.0c | 19:47=20.0c | 20:48=22.0c | 21:48=21.5c | 22:48=21.5c | 23:49=21.5c | 00:49=20.0c | 01:50=20.0c | 02:50=20.5c | 03:51=19.5c | 04:51=20.5c | 05:52=20.0c | [BUY:Buy at 1h — 2.5c (first uptick)] | [SELL:Sell at 7h — 2.5c (token_fix)]
EVT_C54A31,Houthi strike on Israel by February 28? [D],D,D — DARK HORSE,DISCOVERY,,WATCHING,0.15,0.11,0.19,,0.0,,5,,,,,,18 Feb 18:15,https://polymarket.com/event/houthi-strike-on-israel-by-february-28,18:15=15.0c | 19:15=17.0c | 20:15=17.0c | 21:16=16.5c | 22:16=15.0c | 23:16=12.5c | 00:16=15.5c | 01:16=14.0c | 02:06=14.0c | 03:07=13.5c | 04:07=11.5c | 05:07=11.0c | 06:14=11.0c | 07:17=11.5c | 08:18=12.5c | 09:18=13.0c | 10:19=13.0c | 11:19=13.0c | 12:19=11.5c | 13:20=11.0c | 14:21=11.0c | 15:22=11.0c | 16:45=11.0c | 17:46=11.0c | 18:47=11.0c | 19:47=11.0c | 20:48=11.0c | 21:48=10.5c | 22:48=11.0c | 23:49=11.5c | 00:49=11.0c | 01:50=11.0c | 02:50=11.0c | 03:51=11.0c | 04:51=11.0c | 05:52=11.0c
EVT_C86737_1,"US x Iran meeting by February 28, 2026?",A,A — BLUE CHIP,CONSENSUS,higher,EXITED,,0.145,0.19,11.5,11.5,231.0,6,Exited: trailing stop (0.5c from peak),,HIGH,2000.0,,19 Feb 05:56,https://polymarket.com/event/us-x-iran-diplomatic-meeting-by-229,05:56=2.5c | 06:57=2.5c | 07:58=2.1c | 08:59=2.1c | 10:00=2.1c | 11:00=2.1c | 12:01=1.8c | 13:02=1.7c | 14:03=13.0c | 15:03=13.0c | 16:45=13.0c | 17:46=11.5c | 18:47=12.5c | 19:47=12.5c | 20:48=12.5c | 21:48=12.5c | 22:48=14.0c | 23:49=14.5c | 00:49=15.0c | 01:50=14.5c | 02:50=14.5c | 03:51=14.5c | 04:51=14.5c | 05:52=14.5c | [BUY:Buy at 8h — 13.0c (first uptick)] | [SELL:Sell at 20h — 14.5c (trailing_stop)]
EVT_C86737_2,"US x Iran meeting by February 28, 2026?",A,A — BLUE CHIP,CONSENSUS,,EXITED,,0.145,0.41,-38.9,437.0,,24,Exited: never entered,,,,,18 Feb 18:15,https://polymarket.com/event/us-x-iran-diplomatic-meeting-by-229,18:15=2.6c | 19:15=2.6c | 20:15=2.6c | 21:16=2.7c | 22:16=2.5c | 23:16=2.4c | 00:16=2.4c | 01:16=2.4c | 02:06=2.4c | 03:07=2.4c | 04:07=2.4c | 05:07=2.4c | 06:14=2.5c | 07:17=2.5c | 08:18=2.1c | 09:18=2.1c | 10:19=1.9c | 11:19=2.0c | 12:19=1.7c | 13:20=1.5c | 14:21=13.0c | 15:22=12.0c | 16:45=13.0c | 17:46=11.5c | 18:47=12.5c | 19:47=12.0c | 20:48=12.5c | 21:48=12.5c | 22:48=14.0c | 23:49=14.5c | 00:49=15.0c | 01:50=14.5c | 02:50=14.5c | 03:51=14.5c | 04:51=14.5c | 05:52=14.5c | [BUY:Buy at 3h — 2.7c (first uptick)] | [SELL:Sell at 18h — 1.7c (never_entered)]
EVT_C93ADE,"US strikes Iran by February 28, 2026? [C]",C,C — CONTESTED,CONSENSUS,,WATCHING,0.275,0.265,0.28,,0.0,,10,,,,,,18 Feb 18:31,https://polymarket.com/event/us-strikes-iran-by,14:21=27.5c | 15:22=22.5c | 16:45=24.5c | 17:46=23.5c | 18:47=23.5c | 19:47=24.5c | 20:48=23.5c | 21:48=26.5c | 22:48=26.5c | 23:49=25.5c | 00:49=25.5c | 01:50=25.5c | 02:50=25.5c | 03:51=26.5c | 04:51=26.5c | 05:52=26.5c
EVT_C93D44,Jerome Powell out as Fed Chair by the end of 2026? [C],C,C — CONTESTED,DISCOVERY,,WATCHING,0.072,0.022,0.19,,0.0,,6,,,,,,16 Feb 08:56,https://polymarket.com/event/jerome-powell-out-as-fed-chair-by,08:56=7.2c | 09:58=7.2c | 10:59=7.2c | 11:53=7.2c | 13:12=7.1c | 14:43=7.1c | 15:43=7.8c | 16:44=7.8c | 18:02=8.0c | 19:02=8.0c | 20:03=8.1c | 21:03=8.1c | 22:06=8.1c | 23:06=7.2c | 00:07=7.2c | 01:07=7.2c | 02:08=7.2c | 03:10=7.2c | 04:11=7.1c | 05:11=7.1c | 06:11=7.1c | 07:52=7.1c | 09:24=7.0c | 10:25=7.1c | 11:26=7.1c | 12:26=7.1c | 13:27=7.1c | 14:28=7.2c | 15:29=7.2c | 16:29=7.0c | 17:30=6.9c | 18:31=7.1c | 19:31=7.1c | 20:32=7.1c | 21:32=7.1c | 22:32=7.1c | 23:33=7.1c | 00:34=7.1c | 01:34=7.1c | 02:35=6.5c | 03:36=6.5c | 04:36=6.3c | 05:37=6.1c | 06:38=6.1c | 07:51=6.1c | 08:51=6.1c | 09:51=6.2c | 10:52=6.2c | 11:52=6.5c | 12:53=6.3c | 13:54=6.3c | 14:55=6.2c | 15:55=6.3c | 17:14=6.2c | 18:15=6.2c | 19:15=6.2c | 20:15=6.2c | 21:16=6.2c | 22:16=6.2c | 23:16=6.2c | 00:16=6.2c | 01:05=6.2c | 02:06=6.2c | 03:07=6.2c | 04:07=6.2c | 05:07=6.2c | 06:14=6.2c | 07:17=6.2c | 08:18=6.2c | 09:18=6.2c | 10:19=6.2c | 11:19=6.2c | 12:19=6.2c | 13:20=6.2c | 14:21=2.3c | 15:22=2.3c | 16:45=2.2c | 17:46=2.2c | 18:47=2.2c | 19:47=2.2c | 20:48=2.2c | 21:48=2.2c | 22:48=2.2c | 23:49=2.2c | 00:49=2.2c | 01:50=2.2c | 02:50=2.2c | 03:51=2.2c | 04:51=2.2c | 05:52=2.2c
EVT_D210FB,Will inflation reach more than 3% in 2026? [C],C,C — CONTESTED,DISCOVERY,,WATCHING,0.115,0.29,0.36,,0.0,,6,,,,,,19 Feb 06:16,https://polymarket.com/event/how-high-will-inflation-get-in-2026,06:17=11.5c | 07:17=11.5c | 08:18=11.5c | 09:18=11.5c | 10:19=11.0c | 11:19=10.0c | 12:19=10.0c | 13:20=10.0c | 14:21=29.5c | 15:22=29.5c | 16:45=29.5c | 17:46=29.5c | 18:47=29.5c | 19:47=29.5c | 20:48=30.0c | 21:48=30.0c | 22:48=30.0c | 23:49=30.0c | 00:49=30.0c | 01:50=29.0c | 02:50=29.0c | 03:51=29.5c | 04:51=29.0c | 05:52=29.0c
EVT_D3D364,"U.S. x Iran Military Engagement by March 31, 2026?",B,B — BREAD & BUTTER,CONSENSUS,,EXITED,,0.615,0.49,3.4,-6.0,172.0,13,Exited: trailing stop (0.5c from peak),,MEDIUM,5000.0,,18 Feb 18:31,https://polymarket.com/event/us-x-iran-military-engagement-by,18:32=62.5c | 20:03=62.5c | 21:03=63.5c | 22:04=58.0c | 23:04=54.5c | 00:05=54.0c | 01:05=56.0c | 02:06=56.5c | 03:07=59.0c | 04:07=59.0c | 05:07=58.5c | 06:14=58.5c | 07:17=59.0c | 08:18=59.0c | 09:18=59.5c | 10:19=58.0c | 11:19=58.5c | 12:19=61.5c | 13:20=63.5c | 14:21=63.5c | 15:22=62.0c | 16:45=62.5c | 17:46=62.5c | 18:47=62.5c | 19:47=61.5c | 20:48=62.0c | 21:48=63.0c | 22:48=63.0c | 23:49=63.5c | 00:49=63.0c | 01:50=63.0c | 02:50=63.5c | 03:51=62.5c | 04:51=62.5c | 05:52=61.5c | [BUY:Buy at 4h — 58.0c (first uptick)] | [SELL:Sell at 7h — 56.0c (trailing_stop)]
EVT_DA73A0,Will there be no change in Fed interest rates after the June 2026 meeting?,D,D — DARK HORSE,,,KILLED,1.0,,0.72,,0.0,,28,,"Rationalisation: duplicate slug, keeping master",,,,18 Feb 06:50,https://polymarket.com/event/fed-decision-in-june,06:51=100.0c | 07:51=100.0c | 08:51=100.0c | 09:51=100.0c | 10:52=100.0c | 11:52=100.0c | 12:53=100.0c | 13:54=100.0c | 14:55=100.0c | 15:55=100.0c | 17:14=100.0c | 18:15=100.0c | 19:15=100.0c | 20:15=100.0c | 21:16=100.0c | 22:16=100.0c | 23:16=100.0c | 00:16=100.0c | 01:16=100.0c | 02:06=100.0c | 03:07=100.0c | 04:07=100.0c | 05:07=100.0c | 06:14=100.0c | 07:17=100.0c | 08:18=100.0c | 09:18=100.0c | 10:19=100.0c | 11:19=100.0c | 12:19=100.0c | 13:20=100.0c | 14:21=100.0c | 15:22=100.0c | 16:45=100.0c | 17:46=100.0c | 18:47=100.0c | 19:47=100.0c | 20:48=100.0c | 21:48=100.0c | 22:48=100.0c | 23:49=100.0c | 00:49=100.0c | 01:50=100.0c | 02:50=100.0c | 03:51=100.0c | 04:51=100.0c | 05:52=100.0c | [KILL:Kill: sentiment reversed at 11h]
EVT_EA827A,Will Trump nominate Kevin Warsh as the next Fed chair?,A,A — BLUE CHIP,CONSENSUS,lower,EXITED,0.947,0.942,0.87,0.4,0.5,7.0,7,Exited: max hold time (12h),,HIGH,2000.0,,19 Feb 06:16,https://polymarket.com/event/who-will-trump-nominate-as-fed-chair,06:17=94.7c | 07:17=94.7c | 08:18=94.7c | 09:18=94.6c | 10:19=94.5c | 11:19=94.7c | 12:19=94.6c | 13:20=94.4c | 14:21=94.7c | 15:22=94.7c | 16:45=94.5c | 17:46=94.4c | 18:47=94.3c | 19:47=94.2c | 20:48=94.3c | 21:48=94.1c | 22:48=94.2c | 23:49=94.2c | 00:49=94.2c | 01:50=94.5c | 02:50=94.2c | 03:51=94.5c | 04:51=94.2c | 05:52=94.2c | [BUY:Buy at 1h — 94.7c (first uptick)] | [SELL:Sell at 14h — 94.3c (max_hold)]
EVT_F39487,Will there be no change in Fed interest rates after the June 2026 meeting? [B],B,B — BREAD & BUTTER,CONSENSUS,,EXITED,,0.395,0.44,6.8,-23.3,680.0,6,Exited: trailing stop (0.5c from peak),,LOW,10000.0,,16 Feb 08:56,https://polymarket.com/event/fed-decision-in-june-825,08:56=51.0c | 09:58=51.0c | 10:59=51.0c | 11:53=51.0c | 13:12=51.0c | 14:43=51.5c | 15:43=51.5c | 16:44=52.0c | 18:02=53.0c | 19:02=53.5c | 20:03=54.5c | 21:03=55.0c | 22:06=55.5c | 23:06=55.5c | 00:07=55.0c | 01:07=55.0c | 02:08=55.5c | 03:10=54.5c | 04:11=54.5c | 05:11=54.5c | 06:11=54.5c | 07:52=54.5c | 09:24=54.5c | 10:25=54.5c | 11:26=54.5c | 12:26=54.5c | 13:27=55.0c | 14:28=55.0c | 15:29=53.5c | 16:29=53.5c | 17:30=53.5c | 18:31=54.0c | 19:31=53.5c | 20:32=54.0c | 21:32=54.0c | 22:32=54.0c | 23:33=54.0c | 00:34=54.0c | 01:34=53.0c | 02:35=53.5c | 03:36=53.0c | 04:36=53.0c | 05:37=53.5c | 06:38=53.5c | 07:51=53.0c | 08:51=53.0c | 09:51=52.5c | 10:52=52.5c | 11:52=52.5c | 12:53=52.0c | 13:54=52.0c | 14:55=52.0c | 15:55=52.0c | 17:14=52.5c | 18:15=52.0c | 19:15=52.0c | 20:15=52.0c | 21:16=52.0c | 22:16=52.0c | 23:16=52.0c | 00:16=52.0c | 01:05=52.0c | 02:06=51.5c | 03:07=51.5c | 04:07=51.5c | 05:07=51.0c | 06:14=51.0c | 07:17=51.0c | 08:18=51.0c | 09:18=51.0c | 10:19=51.0c | 11:19=50.5c | 12:19=50.5c | 13:20=50.5c | 14:21=39.5c | 15:22=39.5c | 16:45=39.5c | 17:46=39.5c | 18:47=39.5c | 19:47=39.5c | 20:48=39.5c | 21:48=38.0c | 22:48=38.0c | 23:49=38.0c | 00:49=39.5c | 01:50=39.5c | 02:50=39.5c | 03:51=39.5c | 04:51=39.5c | 05:52=39.5c | [BUY:Buy at 6h — 51.5c (first uptick)] | [SELL:Sell at 15h — 55.0c (trailing_stop)]
EVT_FC0BF2_1,"US strikes Iran by February 20, 2026?",A,A — BLUE CHIP,CONSENSUS,,WATCHING,0.063,0.027,0.04,,0.0,,7,,,,,,18 Feb 18:31,https://polymarket.com/event/us-strikes-iran-by,14:21=6.3c | 15:22=5.5c | 16:45=4.7c | 17:46=4.0c | 18:47=4.0c | 19:47=3.8c | 20:48=3.5c | 21:48=5.5c | 22:48=4.6c | 23:49=3.9c | 00:49=3.2c | 01:50=3.1c | 02:50=2.5c | 03:51=2.7c | 04:51=2.9c | 05:52=2.7c
EVT_FC0BF2_2,"US strikes Iran by February 20, 2026?",B,B — BREAD & BUTTER,CONSENSUS,,WATCHING,0.063,0.027,0.06,,0.0,,6,,,,,,18 Feb 18:15,https://polymarket.com/event/us-strikes-iran-by,14:21=6.3c | 15:22=5.4c | 16:45=4.7c | 17:46=4.0c | 18:47=4.0c | 19:47=3.8c | 20:48=3.5c | 21:48=5.5c | 22:48=4.6c | 23:49=3.9c | 00:49=3.2c | 01:50=3.1c | 02:50=2.5c | 03:51=2.7c | 04:51=2.9c | 05:52=2.7c
EVT_FF47EE,Will Trump create a tariff dividend by June 30?,D,D — DARK HORSE,DISCOVERY,,WATCHING,0.18,0.18,0.14,,0.0,,5,,,,,,18 Feb 06:50,https://polymarket.com/event/will-trump-create-a-tariff-dividend-by-june-30,06:51=18.0c | 07:51=17.5c | 08:51=17.5c | 09:51=17.5c | 10:52=17.5c | 11:52=17.5c | 12:53=17.5c | 13:54=17.5c | 14:55=17.5c | 15:55=17.5c | 17:14=17.5c | 18:15=17.5c | 19:15=17.5c | 20:15=18.0c | 21:16=18.0c | 22:16=18.0c | 23:16=18.0c | 00:16=18.0c | 01:16=18.0c | 02:06=18.0c | 03:07=18.0c | 04:07=18.0c | 05:07=18.0c | 06:14=18.0c | 07:17=18.0c | 08:18=18.0c | 09:18=18.0c | 10:19=18.0c | 11:19=18.0c | 12:19=18.0c | 13:20=18.0c | 14:21=18.0c | 15:22=18.0c | 16:45=18.0c | 17:46=18.0c | 18:47=18.0c | 19:47=18.0c | 20:48=18.0c | 21:48=18.0c | 22:48=18.0c | 23:49=18.0c | 00:49=18.0c | 01:50=18.0c | 02:50=18.0c | 03:51=18.0c | 04:51=18.0c | 05:52=18.0c
